ID	C1	C2	C3	C4	C5	M1	M2	M3	M4	M5	M6	S11	S12	S13	S14	S15	S16	S21	S22	S23	S24	S25	S26	S31	S32	S33	S34	S41	S42	S43	S44	S45	S46
Bifidobacterium_animalis	0.0	0.0	0.0	0.0	0.07286	0.0	0.24799	0.0	0.0	0.0	0.05765	0.05479	0.0	0.0	0.0	0.0	0.0	0.0	0.0	0.00324	0.0	1.43097	0.0	0.0	0.0	0.0	0.0	0.0	0.0	0.0	0.0	0.0	0.0
Bifidobacterium_pseudolongum	3.82069	0.0	2.38546	0.0	12.66465	2.94312	9.30316	0.18218	0.97908	4.72439	4.41221	3.244	1.42314	0.0	0.0	0.0	0.0	0.0	0.0	0.77664	0.89668	10.01152	0.57962	0.0	0.0	0.0	0.0	0.0	0.0	0.0	0.0	0.0	0.0
Corynebacterium_maris	0.0	0.0	0.0	0.0	0.0	0.0	0.01104	0.0	0.0	0.0	0.02459	0.0	0.0	0.0	0.0	0.0	0.0	0.0	0.0	0.0	0.0	0.0	0.0	0.0	0.0	0.0	0.22112	0.0	0.0	0.0	0.0	0.0	0.0
Corynebacterium_stationis	0.81361	0.44046	0.63968	0.7601	0.14347	0.11243	2.09368	1.05192	0.05493	2.43489	10.89644	0.0	0.8716	0.0	0.00079	0.0	0.03776	0.0	0.0	0.0	0.26353	0.00675	1.12996	0.2401	0.17616	0.09874	0.99596	0.07204	0.02269	0.11948	0.17848	0.0	0.72157
Corynebacterium_urealyticum	0.0	0.0	0.0	0.0	0.0	0.0	0.0013	0.0	0.0	0.0	0.0	0.0	0.0	0.0	0.0	0.0	0.0	0.0	0.0	0.0	0.0	0.0	0.0	0.0	0.0	0.0	0.0	0.0	0.0	0.0	0.0	0.0	0.0
Collinsella_intestinalis	0.0	0.0	0.0	0.0	0.0	0.0	0.0	0.0	0.0	0.0	0.0	0.0	0.0	0.0	0.0	0.0	0.0	0.0	0.04062	0.0	0.0	0.0	0.0	0.0	0.0	0.0	0.0	0.0	0.0	0.0	0.0	0.0	0.0
Collinsella_stercoris	0.0	0.0	0.0	0.0	0.0	0.0	0.0	0.0	0.0	0.0	0.0	0.0	0.0	0.0	0.0	0.0	0.0	0.0	0.0	0.01685	0.0	0.0	0.0	0.0	0.0	0.0	0.0	0.0	0.0	0.0	0.0	0.0	0.0
Adlercreutzia_equolifaciens	0.56108	0.10328	0.23405	0.54197	0.24057	0.53583	0.61862	0.20087	0.75772	1.07389	0.12679	0.11989	0.84213	0.12031	0.25045	0.00087	0.52951	0.25709	0.38613	0.15028	0.05652	0.5224	0.36125	0.0	0.15216	0.10329	0.93825	0.24989	0.23727	0.13377	0.15517	0.06671	0.2994
Asaccharobacter_celatus	0.7802	0.12369	0.17203	0.45782	0.24365	0.33277	0.42769	0.10578	0.66687	1.09931	0.17027	0.11233	0.75765	0.02947	0.37241	0.0	0.64435	0.09113	0.02666	0.04486	0.1059	0.53287	0.29219	0.0	0.23378	0.14663	0.65614	0.12296	0.12184	0.02942	0.04516	0.0176	0.27208
Enterorhabdus_caecimuris	0.0	0.0	0.0	0.0	0.0	0.0	0.0426	0.0	0.0	0.0	0.0	0.0	0.0	0.0	0.11512	0.0	0.04787	0.0	0.0	0.0	0.0	0.0	0.0	0.0	0.0	0.0	0.10205	0.06257	0.10573	0.15341	0.0	0.02932	0.0
Bacteroides_caecimuris	0.31926	0.31382	0.13762	0.17084	0.02421	0.18258	0.12837	0.0	0.15749	0.06652	0.11441	0.0587	0.3076	0.10308	0.03335	0.05614	0.01654	0.13284	0.04587	0.10216	0.15876	0.05995	0.23285	0.03829	0.15507	0.02303	0.0	0.01501	0.08188	0.04248	0.3339	0.04557	0.1998
Bacteroides_coprocola	0.0	0.0	0.0	0.0	0.0	0.0	0.0	0.0	0.0	0.0	0.0	0.0	0.0	0.0	0.0	0.74166	0.0	0.29832	0.15139	0.00631	0.0	0.0	0.0	0.0	0.0	0.0	0.0	0.0	0.27088	0.04769	0.84751	0.36871	0.0
Bacteroides_dorei	0.20882	0.318	0.3926	0.04843	0.0	0.09827	0.34412	0.0	0.0	0.19643	0.35907	0.07321	0.13939	0.3692	0.0652	0.00518	0.02353	0.0	0.03307	0.03716	0.29342	0.02696	0.11386	0.36557	0.0	0.0	0.0	0.0	0.0	0.0	0.00442	0.0	0.2632
Bacteroides_eggerthii	0.14185	0.21843	0.37519	0.0	0.23911	0.0	0.19514	0.04646	0.18007	0.66348	0.03408	0.32395	0.23681	0.0	0.0	0.0	0.0	0.25156	0.23355	0.50552	0.22019	0.22101	0.04684	0.09966	0.25561	0.2586	0.0	0.04896	0.03522	0.04565	0.0	0.09468	0.17034
Bacteroides_faecichinchillae	0.0	0.0	0.0	0.0	0.0	0.0	0.00821	0.0	0.0	0.0	0.00395	0.0	0.09481	0.01063	0.022	0.27316	0.02652	0.27659	0.1848	0.00661	0.0	0.0	0.07434	0.0	0.0	0.0	0.0	0.11038	0.10504	0.25889	0.2556	0.09161	0.0
Bacteroides_intestinalis	0.0	0.0	0.0	0.0	0.0	0.0	0.0	0.0	0.0	0.0	0.0	0.0	0.0	0.27871	0.0	0.0	0.0	0.0	0.0	0.0	0.0	0.0	0.0	0.0	0.0	0.0	0.0	0.0	0.0	0.0	0.0	0.0	0.0
Bacteroides_massiliensis	0.0	0.0	0.0	0.0	0.0	0.0	0.0	0.0	0.0	0.0	0.0	0.0	0.0	0.0	0.00716	0.0	0.0	0.0	0.0	0.02014	0.0	0.0	0.0	0.0	0.0	0.0	0.0	0.0	0.0	0.0	0.0	0.0	0.0
Bacteroides_plebeius	0.0	0.0	0.0	0.0	0.0	0.0	0.0	0.0	0.0	0.0	0.0	0.0	0.0	0.0	0.04879	0.0	0.0	0.0	0.0	0.0	0.0	0.0	0.0	0.0	0.0	0.0	0.0	0.0	0.0	0.0	0.0	0.0	0.0
Bacteroides_sartorii	1.06284	3.17455	1.84873	1.28606	1.05538	1.93071	2.70847	2.62664	0.05093	2.0714	1.46809	0.56017	1.34273	2.37003	0.26304	0.02801	0.10231	0.17634	0.15187	0.20453	1.86022	0.32975	1.02964	3.47212	4.94034	3.83474	0.04533	0.05243	0.01863	0.00445	0.20438	0.02393	1.53233
Bacteroides_sp_43_108	0.0	0.0	0.0	0.0	0.0	0.0	0.0	0.0	0.0	0.0	0.0	0.0	0.0	0.10347	0.04694	0.20317	0.0	0.0	0.0	0.0	0.0	0.0	0.0	0.0	0.0	0.0	0.0	0.0	0.0	0.0	0.0	0.0	0.0
Bacteroides_sp_CAG_598	0.0	0.0	0.0	0.0	0.0	0.0	0.0	0.0	0.0	0.0	0.0	0.0	0.0	0.0	0.0	0.00283	0.0	0.0	0.0	0.0	0.0	0.0	0.0	0.0	0.0	0.0	0.0	0.0	0.0	0.0	0.0	0.0	0.0
Bacteroides_sp_CAG_633	0.0	0.0	0.0	0.0	0.0	0.0	0.0	0.0	0.00875	0.00878	0.0	0.64544	0.02282	1.12757	0.44277	51.82107	1.34297	5.992	5.51021	5.71191	0.0	0.0	0.0	0.0	0.0	0.0	0.0	2.24412	1.29231	6.19353	0.11371	1.56795	0.0
Bacteroides_sp_CAG_661	0.0	0.0	0.0	0.0	0.0	0.0	0.0	0.0	0.0	0.0	0.0	0.0	0.0	0.0	0.0	0.04215	0.0	0.0	0.0	0.0	0.0	0.0	0.0	0.0	0.0	0.0	0.0	0.0	0.0	0.0	0.0	0.0	0.0
Bacteroides_thetaiotaomicron	0.0	0.0	0.0	0.0	0.0	0.0	0.0	0.0	0.0	0.0	0.0	0.0	0.0	0.0	0.17765	0.03352	0.0	0.0	0.0	0.0	0.0	0.0	0.0	0.0	0.0	0.0	0.0	0.0	0.0	0.0	0.0	0.0	0.0
Bacteroides_uniformis	0.9787	3.45109	1.58724	0.63899	0.95255	0.19163	1.03176	2.6441	4.02143	2.56696	1.18076	1.27375	1.09804	14.10757	0.92876	1.79797	0.09007	2.10086	1.5335	4.18923	1.42526	1.01357	0.68512	2.86456	4.03389	3.0148	1.07515	2.28427	2.43433	6.40827	3.58171	2.7204	4.03825
Bacteroides_vulgatus	0.0	0.03455	0.05019	0.0	0.05776	0.14055	0.01622	0.2837	0.0	0.0	0.05544	0.0	0.0098	0.15975	0.00991	0.0	0.0	0.0	0.0	0.07259	0.06166	0.0	0.0	0.27429	0.22948	0.35753	0.09273	0.0	0.0	0.0	0.0	0.0	0.02086
Bacteroides_xylanisolvens	0.0	0.06544	0.0	0.0	0.0	0.0	0.0	0.0	0.0	0.0	0.0	0.0	0.01701	0.01619	0.0	0.33494	0.0	0.0	0.0	0.0	0.00986	0.0	0.0	0.0	0.0	0.0	0.0	0.0	0.0	0.0	0.0	0.0	0.18816
Barnesiella_intestinihominis	0.0	0.06689	0.1215	0.0	0.0426	0.79772	1.03269	0.0	1.72083	2.74736	1.30415	0.0412	0.03685	2.24406	0.35889	0.90759	0.0	2.26427	1.14083	0.80615	0.12951	0.09702	0.0	0.0	0.0	0.0	0.37383	0.0	0.32681	0.0	1.51535	0.24987	0.09664
Muribaculaceae_bacterium_DSM_103720	1.63701	0.07771	0.0	1.55741	0.0	9.46521	1.36339	3.11505	2.14563	2.92907	1.40893	0.72839	1.57657	0.0	1.07346	5.93752	0.10069	2.56318	2.44647	3.29213	0.0	1.32755	0.97766	0.49269	0.45236	0.57092	0.28972	2.24364	1.88892	3.44933	1.20446	1.7338	0.22392
Muribaculum_intestinale	0.0	0.0	0.0	0.0	0.0	0.0	0.0	0.0	0.0	0.0	0.0	0.0	0.0	0.12463	0.0	0.0	0.0	0.0	0.0	0.0	0.0	0.0	0.0	0.0	0.0	0.0	0.0	0.09497	0.09071	0.26192	0.0	0.09133	0.0
Butyricimonas_virosa	0.12851	0.19349	0.24676	0.43996	0.07644	0.35835	0.60074	0.14937	0.38913	2.56716	0.3012	0.20232	0.50776	0.26173	0.44978	0.54735	0.02391	0.40938	0.12522	0.29269	0.31406	0.12551	0.48408	0.40497	0.60071	0.3668	0.00697	0.10684	0.14699	0.77062	1.39347	0.13463	0.22577
Odoribacter_splanchnicus	0.0	0.0	0.0	0.0	0.0	0.0	0.04209	0.0	0.0	0.05468	0.0	0.0	0.0	0.0	0.0	0.0	0.0	0.08491	0.0	0.19711	0.0	0.0	0.0	0.0	0.0	0.0	0.0	0.0	0.0	0.0	0.0	0.0	0.0
Prevotella_sp_CAG_1031	5.96506	1.9524	2.87197	3.65956	1.26157	1.4847	1.92875	4.09245	0.56626	4.96018	3.67682	3.01388	5.24184	0.0	0.0	0.0	0.0	2.62829	2.73583	1.27557	2.56632	3.71689	3.46082	3.7075	6.34128	4.87087	1.72869	0.68448	0.753	1.88453	0.0	0.57707	2.62136
Prevotella_sp_MGM2	1.37429	3.28013	0.1377	2.14146	0.05038	1.51861	22.24474	15.54339	0.33383	4.71119	25.14353	1.22557	0.92856	5.35917	15.67094	7.62702	1.5288	11.73391	13.59977	1.34232	0.04893	0.01959	0.7431	48.88087	46.32061	50.73696	17.77584	2.43805	9.82361	4.01616	0.08805	11.64941	3.26322
Alistipes_indistinctus	0.0	0.0	0.0	0.0	0.0	0.0	0.1521	0.0	0.09397	0.0	0.16282	0.0	0.0	0.45837	0.06305	0.0	0.0	0.0	0.0	0.81903	0.0	0.0	0.0	0.0	0.0	0.0	0.0	0.0	0.0	0.0	0.0	0.0	0.0
Alistipes_shahii	0.0	0.0	0.0	0.0	0.0	0.0	0.0	0.0	0.0	0.0	0.0	0.0	0.0	1.49294	0.14584	1.02114	0.11873	0.0	0.0	0.0	0.0	0.0	0.0	0.0	0.0	0.0	0.0	0.0	0.0	0.0	0.0	0.0	0.0
Alistipes_timonensis	0.0	0.0	0.0	0.0	0.0	0.0	0.0	0.0	0.0	0.02698	0.0	0.0	0.0	0.43552	0.32743	0.26461	0.02149	0.0	0.0	0.00284	0.0	0.0	0.0	0.0	0.0	0.0	0.0	0.09292	0.0	0.50572	0.01114	0.0	0.0
Parabacteroides_distasonis	1.08181	1.42508	1.63376	0.69306	0.78833	0.83	1.75045	1.76944	1.80959	4.60275	1.56545	1.5306	1.05675	1.27637	1.86017	1.82902	1.42584	10.04891	9.46082	7.10098	1.5876	0.37218	0.56356	2.74878	4.57581	3.57563	0.45938	1.40964	3.35385	3.72468	6.33205	4.76167	1.66308
Parabacteroides_goldsteinii	0.0	0.0	0.0	0.0	0.0	0.0	0.0	0.0	0.0	0.0	0.0	0.0	0.0	0.0	0.02809	0.0	0.0	0.0	0.0	0.0329	0.0	0.0	0.0	0.0	0.0	0.0	0.0	0.0	0.0	0.0	0.0	0.0	0.0
Parabacteroides_sp_CAG_409	0.0	0.0	0.0	0.0	0.0	0.0	0.0	0.0	0.0	0.0	0.0	0.03639	0.0	1.56311	3.52504	3.43474	0.26094	1.85106	1.11063	0.24881	0.0	0.0	0.0	0.0	0.0	0.0	0.0	0.20127	2.15798	0.99813	1.41934	2.67543	0.0
Mucispirillum_schaedleri	0.0	0.0	0.0	0.0	0.0	0.0	0.0	0.0	0.02721	0.0	0.0	0.0	0.01309	0.0	0.0	0.0	0.0	0.0	0.0	0.0	0.0	0.0	0.0	0.0	0.0	0.10241	0.0	0.0	0.0	0.0	0.0	0.0	0.0
Aerococcaceae_bacterium	0.0	0.0	0.0	0.0	0.0	0.0	0.20819	0.0	0.0	0.0	0.11131	0.0	0.0	0.0	0.0	0.0	0.0	0.0	0.0	0.0	0.0	0.0	0.0	0.0	0.0	0.0	0.0	0.0	0.0	0.0	0.0	0.0	0.0
Aerococcus_urinaeequi	0.01018	0.06321	0.08651	0.0	0.0	0.0	0.03475	0.0	0.0	0.0	0.0	0.0	0.10754	0.0	0.0	0.0	0.0	0.0	0.0	0.0	0.08808	0.0	0.08719	0.0	0.0	0.0	0.0	0.0	0.0	0.0	0.0	0.0	0.00562
Aerococcus_viridans	0.0	0.0	0.11478	0.0	0.0	0.0	0.0	0.0	0.0	0.0	0.0	0.0	0.12663	0.0	0.0	0.0	0.0	0.0	0.0	0.0	0.00329	0.0	0.0	0.0	0.0	0.0	0.0	0.0	0.0	0.0	0.0	0.0	0.0
Enterococcus_asini	0.0	0.0	0.14944	0.0	0.23864	0.0	0.0	0.0	0.0	0.0	0.0	0.0	0.12479	0.0	0.0	0.0	0.0	0.0	0.0	0.0	0.06277	0.0	0.03244	0.0	0.0	0.0	0.0	0.0	0.0	0.0	0.0	0.0	0.0
Enterococcus_faecalis	0.0	0.0	0.0	0.0	0.0	0.0	0.0	0.0	0.0	0.0	0.0	0.0	0.0	0.0	0.0	0.0	0.0	0.0	0.0	0.0	0.0	0.0	0.0	0.0	0.0	0.0	0.08684	0.0	0.0	0.0	0.0	0.0	0.0
Vagococcus_lutrae	0.0	0.0	0.0	0.0	0.0	0.0	0.21894	0.0	0.0	0.0	0.3851	0.0	0.0	0.0	0.0	0.0	0.0	0.0	0.0	0.0	0.0	0.0	0.0	0.0	0.0	0.0	0.0	0.0	0.0	0.0	0.0	0.0	0.0
Lactobacillus_acidophilus	0.15946	0.18227	0.19389	0.0	0.13877	0.0	0.01516	0.0	0.0	0.0	0.0	0.16033	0.3939	0.0	0.0	0.0	0.0	0.0	0.0	0.0	0.06636	0.46629	0.8159	0.0	0.0	0.0	0.00703	0.0	0.0	0.0	0.0	0.0	0.20399
Lactobacillus_intestinalis	0.0	0.0	0.0	0.0	0.01749	0.0	0.0481	0.0	0.0	0.0	0.0	0.0	0.02463	0.0	0.57571	0.0	0.27336	0.0	0.0	0.24685	0.0	0.0	0.03152	0.08438	0.28565	0.12927	0.07786	0.10003	0.12696	0.0	0.1046	0.21408	0.0
Lactobacillus_johnsonii	1.84639	1.82575	2.15315	1.07829	1.19505	6.72	1.24783	4.49412	1.21377	1.4072	1.35284	5.61311	3.11476	1.83479	1.59285	0.33835	1.03561	2.39655	2.78736	5.44482	1.55045	5.10305	2.05345	0.85274	1.39118	0.76276	2.63668	3.97784	2.66985	2.04235	2.28085	2.99696	0.79436
Lactobacillus_murinus	43.83967	63.30437	51.62236	30.37802	66.25146	13.79344	14.09311	3.04408	3.07429	4.53718	12.27274	40.68	43.27687	52.72991	52.79867	15.86699	72.77312	8.41943	13.84864	36.8275	56.28899	30.89246	52.60518	3.09949	3.50408	2.82392	36.14288	44.00071	37.06147	15.85984	30.79292	35.11931	68.54097
Lactobacillus_oris	0.1028	0.0	0.26803	0.0	0.08875	0.0	0.0	0.0	0.0	0.0	0.0	0.36433	0.17251	0.0	0.0	0.0	0.0	0.0	0.0	0.0	0.0924	1.04663	0.14731	0.0	0.0	0.0	1.49155	0.0	0.0	0.0	0.0	0.0	0.04679
Lactobacillus_reuteri	2.4799	4.67136	7.66783	1.24398	4.0127	6.58052	2.57122	5.35187	1.33109	1.33831	1.40673	12.91019	4.10771	5.6149	12.37797	0.90016	15.25429	4.73199	5.92337	9.46345	6.94158	11.73061	4.18023	7.35853	12.12438	10.66888	8.71668	28.72935	26.47195	8.95483	7.6214	25.20759	3.98766
Lactobacillus_vaginalis	0.0	0.0	0.0	0.0	0.0	0.0	0.0	0.0	0.0	0.0	0.0	0.0	0.0	0.0	0.0	0.0	0.0	0.0	0.0	0.0	0.0	0.0	0.0	0.0	0.0	0.0	0.01753	0.0	0.0	0.0	0.0	0.0	0.0
Streptococcus_gallolyticus	1.61876	0.19954	0.6478	0.76676	1.80972	0.0	0.0	0.0	0.0	0.0	0.0	0.59042	1.77036	0.0	0.0	0.0	0.0	0.0	0.0	0.0	0.84934	0.20662	1.08329	0.0	0.0	0.0	0.0	0.00528	0.0	0.0	0.0	0.0	0.3779
Clostridium_sp_ASF356	0.0	0.0	0.0	0.0	0.0	0.0	0.0	0.0	0.0	0.0	0.0	0.0	0.0	0.0	0.0	0.01809	0.02386	0.0	0.0	0.0	0.0	0.0	0.0	0.0	0.0	0.0	0.0	0.0	0.0	0.0	0.0	0.0	0.0
Clostridium_sp_CAG_242	0.0	0.0	0.0	0.0	0.0	0.0	0.0	0.0	0.0	0.0	0.0	0.0	0.0	0.0	0.83589	0.31793	0.0	0.0	0.0	1.92516	0.0	0.0	0.0	0.0	0.0	0.0	0.0	5.71516	0.40257	4.09046	0.0	0.36009	0.0
Clostridium_sp_CAG_58	0.0	0.0	0.0	0.0	0.0	0.0	0.0	0.0	0.0	0.0	0.0	0.0	0.0	0.14886	0.0	0.05207	0.03769	0.64136	0.86832	0.32416	0.0	0.0	0.0	0.01328	0.06975	0.0	0.0	0.30624	0.20297	0.46226	0.0	0.16333	0.0
Intestinimonas_butyriciproducens	0.0	0.0	0.0	0.0	0.0	0.0	0.0	0.0	0.0	0.0	0.0	0.0	0.0	0.0	0.0	0.0	0.0	0.0	0.0	0.0	0.0	0.0	0.0	0.0	0.0	0.0	0.0	0.0	0.0242	0.0	0.0	0.02381	0.0
Dorea_sp_5_2	0.0	0.0	0.0	0.0	0.0	0.0	0.0	0.0	0.0	0.03731	0.0	0.0	0.0	0.0	0.0	0.0	0.0	0.0	0.0	0.0	0.0	0.0	0.0	0.0	0.0	0.0	0.0	0.0	0.0	0.0	0.0	0.0	0.0
Dorea_sp_CAG_317	0.0	0.0	0.0	0.0	0.0	0.0	0.0	0.0	0.0	0.0	0.0	0.0	0.0	0.0	0.0	0.1103	0.07375	3.15901	3.94614	1.55364	0.0	0.0	0.0	0.0	0.0	0.0	0.06316	0.01575	0.0	0.0	0.0	0.0	0.0
Clostridium_lavalense	0.0	0.0	0.0	0.0	0.0	0.0	0.0	0.0	0.0	0.0	0.0	0.0	0.0	0.00458	0.0	0.0	0.0	0.0	0.0	0.0	0.0	0.0	0.0	0.0	0.0	0.0	0.0	0.0	0.0	0.0	0.0	0.0	0.0
Lachnospiraceae_bacterium_3_1	0.0	0.0	0.0	0.0	0.0	0.0	0.0	0.0	0.0	0.0	0.0	0.0	0.0	0.0	0.0	0.0	0.0	0.0	0.0	0.0	0.0	0.0	0.0	0.0	0.0	0.0	0.0	0.0	0.0	0.00969	0.0	0.0	0.00863
Lachnospiraceae_bacterium_A4	0.06049	0.07549	0.01436	0.13326	0.0	0.0	0.0	0.0	0.0	0.0	0.0	0.0	0.10511	0.0	0.0	0.0	0.0	0.0	0.0	0.0	0.00805	0.0	0.11091	0.0381	0.0352	0.14807	0.01529	0.0	0.0	0.0	0.0	0.0	0.03456
Lachnospiraceae_bacterium_COE1	0.0	0.0	0.0	0.0	0.0	0.0	0.0	0.0	0.0	0.0	0.0	0.0	0.00457	0.0	0.0	0.0	0.0	0.0	0.0	0.0	0.0	0.0	0.0	0.0	0.0	0.0	0.0	0.0	0.0	0.0	0.0	0.0	0.0
Oscillibacter_sp_1_3	0.06393	0.01633	0.05456	0.0	0.0	0.29412	0.0	0.0	0.14731	0.17122	0.0	0.0	0.08835	0.0	0.0	0.03077	0.0	0.17188	0.13815	0.0	0.0514	0.0	0.0	0.0	0.02849	0.05651	0.00978	0.0	0.06226	0.14374	0.23741	0.0	0.03567
Romboutsia_ilealis	0.0	0.0	0.0	0.0	0.0	0.0	0.0	0.0	0.0	0.0	0.0	0.0	0.0	0.0	0.00348	0.0	0.0	0.0	0.0	0.0	0.0	0.0	0.0	0.0	0.0	0.0	0.0	0.01055	0.0	0.0	0.0	0.01624	0.0
Acutalibacter_muris	0.0	0.0	0.0	0.0	0.0	0.0	0.0	0.0	0.0	0.0	0.0	0.0	0.0	0.0	0.0	0.0	0.0	0.0	0.0	0.0	0.0	0.0	0.0	0.0	0.0	0.0	0.0	0.0	0.04963	0.0	0.02535	0.01669	0.0
Anaerotruncus_sp_G3_2012	0.39799	1.08658	0.74034	0.69863	0.14206	0.85157	0.14909	0.17775	0.62526	3.32313	0.21851	0.0	0.62717	0.02205	0.00268	0.16391	0.026	0.40175	0.742	0.02949	0.42921	0.16675	0.33574	1.14552	0.56712	1.17699	0.23707	0.02532	0.37949	0.49064	0.2885	0.42025	1.13482
Flavonifractor_plautii	0.0	0.0	0.0	0.0	0.0	0.0	0.0	0.0	0.0	0.0	0.0	0.0	0.0	0.0	0.34673	0.0	0.0	0.0	0.0	0.0	0.0	0.0	0.0	0.0	0.0	0.0	0.0	0.0	0.0	0.0	0.0	0.0	0.0
Harryflintia_acetispora	0.0	0.0	0.0	0.0	0.0	0.0	0.0	0.0	0.0	0.0	0.0	0.0	0.0	0.0	0.00045	0.0	0.0	0.0	0.0	0.0	0.0	0.0	0.0	0.0	0.0	0.0	0.0	0.0	0.0	0.0	0.0	0.0	0.0
Ruthenibacterium_lactatiformans	0.0	0.0	0.0	0.0	0.0	0.0	0.0	0.0	0.0	0.0	0.0	0.0	0.0	0.0	0.0	0.07837	0.0	0.0	0.0	0.0	0.0	0.0	0.0	0.0	0.0	0.0	0.0	0.0	0.0	0.0	0.01859	0.0	0.0
Clostridium_innocuum	0.0	0.0	0.0	0.0	0.0	0.0	0.0	0.0	0.0	0.0	0.0	0.0	0.0	0.0	0.25722	0.0	0.0	0.0	0.0	0.0	0.0	0.0	0.0	0.0	0.0	0.0	0.0	0.0	0.0	0.0	0.0	0.0	0.0
Erysipelothrix_larvae	0.0	0.0	0.0	0.0	0.0	0.0	0.0	0.0	0.0	0.0	0.0	0.0	0.0	0.0	0.04918	0.0	0.04886	0.0	0.0	0.0	0.0	0.0	0.0	0.0	0.0	0.0	0.0	0.0	0.0	0.0	0.0	0.01893	0.0
Faecalibaculum_rodentium	0.0	0.0	0.0	0.0	0.09934	8.92167	1.06203	0.0	0.03861	0.37092	0.32387	0.0	0.0	0.0	0.0	0.0	0.0	0.0	0.0	0.50845	0.0	0.15001	0.0	0.0	0.0	0.0	0.0	0.0	0.01925	0.0	0.0	0.0	0.0
Holdemania_filiformis	0.0	0.0	0.0	0.0	0.0	0.0	0.0	0.0	0.0	0.0	0.0	0.0	0.0	0.0	0.00802	0.0	0.0	0.0	0.0	0.0	0.0	0.0	0.0	0.0	0.0	0.0	0.0	0.0	0.0	0.0	0.0	0.0	0.0
Ileibacterium_valens	0.0	0.0	0.0	0.0	0.0	0.0	0.0	0.0	0.0	0.0	0.0	0.0	0.0	0.0	0.0	0.0	0.0	0.0	0.0	0.04764	0.0	0.0	0.0	0.0	0.0	0.0	0.0	0.0	0.0	0.0	0.0	0.0	0.0
Firmicutes_bacterium_ASF500	0.00888	0.03272	0.0	0.0	0.0	0.00853	0.0	0.0	0.02439	0.36457	0.0	0.0	0.03782	0.0	0.0	0.00137	0.0	0.0	0.0	0.0	0.0	0.0	0.0	0.01797	0.0	0.00636	0.0	0.0	0.042	0.02426	0.0	0.0141	0.03864
Alcaligenes_faecalis	0.0	0.0	0.0	0.0	0.0	0.0	0.08806	0.0	0.0	0.0	0.08778	0.0	0.0	0.0	0.0	0.0	0.0	0.0	0.0	0.0	0.0	0.0	0.0	0.0	0.0	0.0	0.0	0.0	0.0	0.0	0.0	0.0	0.0
Oligella_ureolytica	0.34028	0.24928	0.50464	0.32577	0.05711	0.79775	14.77799	4.54843	0.1071	3.3836	14.47412	0.0	0.3859	0.0	0.0	0.0	0.0	0.0	0.0	0.14729	0.47108	0.0	0.55363	0.0	0.0	0.0	0.0	0.14067	0.07761	0.40199	0.25293	0.06292	0.23607
Paenalcaligenes_hominis	0.0	0.0	0.18322	0.0	0.02335	0.0	0.5161	1.84472	0.0	1.11327	0.571	0.0	0.0	0.0	0.0	0.0	0.0	0.0	0.0	0.0	0.3785	0.0	0.20824	0.0	0.0	0.0	0.0	0.0	0.0	0.0	0.0	0.0	0.05172
Parasutterella_excrementihominis	1.27526	0.9096	1.58207	0.52831	2.11916	16.69194	10.70315	6.76549	1.43573	11.35354	7.50978	2.42895	1.07727	0.14356	0.04575	0.40836	0.22123	9.28431	7.71585	7.07339	1.70771	5.26826	0.96626	1.38466	1.88376	2.39919	0.11293	1.27412	2.32086	2.41778	0.73371	2.12961	1.94179
Turicimonas_muris	0.0	0.0	0.0	0.0	0.00572	0.07405	0.11322	0.0	0.0	0.0	0.03001	0.0	0.0	0.0	0.0	0.0	0.0	0.02804	0.0	0.01749	0.0	0.00963	0.0	0.0	0.0	0.0	0.0	0.00799	0.0	0.0	0.0	0.0369	0.02131
Desulfovibrionaceae_bacterium	0.0	0.0	0.0	0.0	0.0	0.0	0.0	0.0	0.0	0.0	0.0	0.0	0.0	0.0	0.0	0.09995	0.0	0.0	0.0	0.0	0.00385	0.0	0.0	0.0	0.0	0.0	0.0	0.0	0.0	0.01134	0.0	0.0	0.0
Helicobacter_ganmani	0.04302	3.65716	11.55538	0.0	0.33245	9.76711	0.47358	0.0	2.58281	0.0	0.67696	0.0	0.00783	0.0	0.0	0.0	0.0	0.0	0.0	0.0	13.25842	0.0	0.02183	0.0	1.15333	2.62955	0.01633	0.0	0.27853	0.0047	36.85901	0.0	2.38287
Helicobacter_japonicus	0.0	0.498	0.0	0.0	0.0	2.96142	0.0	0.0	0.67548	4.52255	0.0	0.0	0.0	0.0	0.0	0.0	0.0	0.30264	0.0	0.0	0.0	0.0	0.0	0.0	3.4838	3.74264	9.09495	0.0	0.0	0.0	0.0	0.0	0.32764
Citrobacter_freundii	0.0	0.0	0.0	0.0	0.0	0.0	0.0	0.0	0.0	0.0	0.0	0.0	0.0	0.0	0.0	0.0	0.0	0.0	0.0	0.0	0.0	0.0	0.0	0.0	0.0	0.0	0.0	0.0	0.03962	0.0	0.0	0.0	0.0
Escherichia_coli	8.18562	7.10078	7.22671	19.21432	3.49665	9.28309	1.14524	38.26216	6.95555	25.07888	3.86557	6.40984	7.55366	5.38426	4.47545	4.0314	2.82191	24.73046	19.80942	5.69135	5.36586	6.35943	7.79047	20.7974	5.64051	5.81221	11.36529	1.20394	2.31224	32.63922	2.20682	2.7851	3.46936
Klebsiella_pneumoniae	0.0	0.0	0.0	0.0	0.0	0.0	0.0	0.0	0.0	0.0	0.0	0.0	0.0	0.46731	0.0	0.0	0.0	0.0	0.0	0.0	0.0	0.0	0.0	0.0	0.0	0.0	0.0	0.0	0.0	0.0	0.0	0.0	0.0
Proteus_mirabilis	0.0	0.0	0.0	0.0	0.0	0.0	0.0	0.0	0.0	0.0	0.0	0.0	0.0	0.0	0.0	0.0	0.0	0.0	0.0	0.0	0.0	0.0	0.0	0.0	0.0	0.0	0.54014	0.0	0.0	0.0	0.0	0.0	0.0
Serratia_proteamaculans	0.0	0.0	0.0	0.0	0.0	0.0	0.0	0.29218	0.0	0.24771	0.05365	0.0	0.12107	0.0	0.0021	0.0	0.0	0.05398	0.05788	0.0	0.0	0.0	0.08828	0.0	0.0	0.0	0.0	0.0	0.0	0.0	0.0	0.0	0.0
Rodentibacter_ratti	0.0	0.0	0.06974	0.0	0.04906	0.0	0.02409	0.0	0.0	0.0	0.0	0.0	0.03107	0.12037	0.0	0.00932	0.0	0.0	0.0	0.0	0.0	0.0	0.0	0.0	0.0	0.0	0.0	0.0282	0.0	0.07842	0.21819	0.0	0.0
Acinetobacter_johnsonii	0.0	0.0	0.0	0.0	0.0	0.0	0.0	0.0	0.0	0.0	0.0	0.0	0.0	0.0	0.0	0.0	0.0	0.0	0.0	0.0	0.0	0.0	0.0	0.0	0.0	0.0	0.01798	0.0	0.0	0.0	0.0	0.0	0.0
Psychrobacter_pasteurii	0.37188	0.17436	0.28217	0.34984	0.02695	0.10499	4.07475	0.79597	0.0	0.33657	2.32203	0.0	0.6578	0.0	0.0	0.0	0.0	0.0	0.0	0.0	0.36523	0.0	0.56736	0.0	0.0	0.0	0.0	0.0	0.0	0.0	0.0	0.0	0.33358
Pseudomonas_antarctica	0.06715	0.32626	0.07164	0.0	0.0	0.21863	0.09078	0.21533	0.06935	0.2399	0.0	0.0	0.0531	0.0	0.01383	0.01989	0.00744	0.47027	0.0	0.1608	0.0	0.0	0.25085	0.0	0.06926	0.0	0.0	0.0	0.0	0.1212	0.0	0.0	0.01716
Pseudomonas_fluorescens_group	0.04479	0.0	0.0	0.0	0.00268	0.0	0.0	0.0	0.0	0.33042	0.0	0.0	0.19785	0.0	0.00942	0.01003	0.00849	0.0	0.0	0.0	0.01212	0.06884	0.0	0.20026	0.04533	0.19649	0.10247	0.00984	0.0	0.0	0.04696	0.0	0.0
Pseudomonas_yamanorum	0.28798	0.33034	0.12507	0.33171	0.0	0.05329	0.01949	0.99844	0.31195	0.94606	0.11457	0.0	0.32933	0.07473	0.03738	0.0939	0.07055	0.58064	0.99744	0.2724	0.18203	0.10424	0.25746	0.97983	0.02392	0.14869	0.19524	0.0507	0.0763	0.07323	0.09908	0.0	0.03342
Stenotrophomonas_maltophilia	0.0	0.0	0.0	0.0	0.0	0.0	0.0	0.38116	0.0	0.0	0.0	0.0	0.0	0.0	0.0023	0.01942	0.0057	0.0	0.07765	0.0	0.0	0.0	0.0	0.0	0.0	0.0	0.0	0.0	0.0	0.0	0.0	0.0	0.0
Stenotrophomonas_rhizophila	0.0	0.0	0.0	0.0	0.0	0.0	0.0	0.0	0.0	0.0	0.0	0.0	0.0	0.0	0.0	0.0	0.0	0.0	0.0	0.0	0.0	0.0	0.0	0.0	0.0	0.0	0.0	0.0	0.0	0.0	0.0	0.0	0.01839
Pseudomonas_geniculata	0.0	0.0	0.04665	0.0	0.0	0.0	0.0	0.64233	0.0	0.40738	0.0	0.0	0.08872	0.0	0.00466	0.04668	0.01005	0.19246	0.40156	0.04605	0.0	0.01333	0.01257	0.22773	0.0	0.0	0.0	0.0	0.0	0.0	0.0	0.0	0.0
Proteobacteria_bacterium_CAG_139	0.0	0.0	0.02442	0.0	0.08294	1.33078	0.9122	0.37465	0.0746	0.50253	0.44224	0.04029	0.03881	0.0	0.02056	0.02907	0.02093	0.86872	0.89173	0.60523	0.05065	0.27208	0.0	0.0	0.0418	0.16662	0.0	0.16214	0.18926	0.34345	0.10842	0.23124	0.06997
Mycoplasma_hyorhinis	0.0	0.0	0.0	0.0	0.0	0.0	0.0	0.0	0.0	0.0	0.0	0.0	0.0	0.0	0.0	0.0	0.0	0.0	0.0	0.0	0.0	0.0	0.0	0.0	0.5869	0.582	0.2574	0.04157	0.24543	0.26376	0.25357	0.18263	0.0
Akkermansia_muciniphila	19.92187	0.05759	1.78075	32.55545	1.89642	0.6246	1.11959	0.0	67.36896	2.48234	1.31453	17.55795	18.84989	1.44278	0.25266	0.444	0.94533	2.40589	2.87725	2.35628	1.77421	18.32729	17.02499	0.2107	0.59827	0.4889	4.0338	1.66019	3.67989	2.51872	0.16782	3.10052	0.08714
